{"x": -8.00332752836013, "y": -7.216229050353022}