{"x": 6.321576444778666, "y": -4.417697323582046}