{"x": -1.753668930637993, "y": -4.842953118480047}