{"x": -1.1941799623920204, "y": 4.299733876485487}