{"x": 3.1594993901356347, "y": -4.842250516476861}