{"x": 9.486244130056532, "y": -5.196842447303279}