{"x": -0.6070756258903325, "y": -2.0212188451630153}